Country Code,Country,Literacy,,,,,,
AFG,Afghanistan,47,,,,,,
ALB,Albania,99,,,,,,
DZA,Algeria,92,,,,,,
AND,Andorra,-,,,,,,
AGO,Angola,73,,,,,,
ATG,Antigua and Barbuda,-,,,,,,
ARG,Argentina,99,,,,,,
ARM,Armenia,100,,,,,,
AUS,Australia,-,,,,,,
AUT,Austria,-,,,,,,
AZE,Azerbaijan,100,,,,,,
BHS,Bahamas,-,,,,,,
BHR,Bahrain,98,,,,,,
BGD,Bangladesh,81,,,,,,
BRB,Barbados,-,,,,,,
BLR,Belarus,100,,,,,,
BEL,Belgium,-,,,,,,
BLZ,Belize,-,,,,,,
BEN,Benin,42,,,,,,
BTN,Bhutan,74,,,,,,
BOL,Bolivia (Plurinational State of),99,,,,,,
BIH,Bosnia and Herzegovina,100,,,,,,
BWA,Botswana,98,,,,,,
BRA,Brazil,98,,,,,,
BRN,Brunei Darussalam,99,,,,,,
BGR,Bulgaria,98,,,,,,
BFA,Burkina Faso,39,,,,,,
BDI,Burundi,89,,,,,,
CPV,Cabo Verde,98,,,,,,
KHM,Cambodia,87,,,,,,
CMR,Cameroon,81,,,,,,
CAN,Canada,-,,,,,,
CAF,Central African Republic,36,,,,,,
TCD,Chad,50,,,,,,
CHL,Chile,99,,,,,,
CHN,China,100,,,,,,
COL,Colombia,98,,,,,,
COM,Comoros,87,,,,,,
COG,Congo,81,,,,,,
COK,Cook Islands,-,,,,,,
CRI,Costa Rica,99,,,,,,
CIV,Côte d'Ivoire,48,,,,,,
HRV,Croatia,100,,,,,,
CUB,Cuba,100,,,,,,
CYP,Cyprus,100,,,,,,
CZE,Czech Republic,-,,,,,,
PRK,Democratic People's Republic of Korea,100,,,,,,
COD,Democratic Republic of the Congo,84,,,,,,
DNK,Denmark,-,,,,,,
DJI,Djibouti,-,,,,,,
DMA,Dominica,-,,,,,,
DOM,Dominican Republic,97,,,,,,
ECU,Ecuador,99,,,,,,
EGY,Egypt,88,,,,,,
SLV,El Salvador,96,,,,,,
GNQ,Equatorial Guinea,98,,,,,,
ERI,Eritrea,92,,,,,,
EST,Estonia,100,,,,,,
ETH,Ethiopia,55,,,,,,
FJI,Fiji,-,,,,,,
FIN,Finland,-,,,,,,
FRA,France,-,,,,,,
GAB,Gabon,89,,,,,,
GMB,Gambia,71,,,,,,
GEO,Georgia,100,,,,,,
DEU,Germany,-,,,,,,
GHA,Ghana,86,,,,,,
GRC,Greece,99,,,,,,
GRD,Grenada,-,,,,,,
GTM,Guatemala,94,,,,,,
GIN,Guinea,31,,,,,,
GNB,Guinea-Bissau,75,,,,,,
GUY,Guyana,93,,,,,,
HTI,Haiti,72,,,,,,
VAT,Holy See,-,,,,,,
HND,Honduras,95,,,,,,
HUN,Hungary,99,,,,,,
ISL,Iceland,-,,,,,,
IND,India,86,,,,,,
IDN,Indonesia,99,,,,,,
IRN,Iran (Islamic Republic of),98,,,,,,
IRQ,Iraq,82,,,,,,
IRL,Ireland,-,,,,,,
ISR,Israel,-,,,,,,
ITA,Italy,100,,,,,,
JAM,Jamaica,96,,,,,,
JPN,Japan,-,,,,,,
JOR,Jordan,99,,,,,,
KAZ,Kazakhstan,100,,,,,,
KEN,Kenya,82,,,,,,
KIR,Kiribati,-,,,,,,
KWT,Kuwait,99,,,,,,
KGZ,Kyrgyzstan,100,,,,,,
LAO,Lao People's Democratic Republic,84,,,,,,
LVA,Latvia,100,,,,,,
LBN,Lebanon,99,,,,,,
LSO,Lesotho,83,,,,,,
LBR,Liberia,49,,,,,,
LBY,Libya,100,,,,,,
LIE,Liechtenstein,-,,,,,,
LTU,Lithuania,100,,,,,,
LUX,Luxembourg,-,,,,,,
MDG,Madagascar,65,,,,,,
MWI,Malawi,72,,,,,,
MYS,Malaysia,98,,,,,,
MDV,Maldives,99,,,,,,
MLI,Mali,44,,,,,,
MLT,Malta,99,,,,,,
MHL,Marshall Islands,-,,,,,,
MRT,Mauritania,56,,,,,,
MUS,Mauritius,98,,,,,,
MEX,Mexico,98,,,,,,
FSM,Micronesia (Federated States of),-,,,,,,
MCO,Monaco,-,,,,,,
MNG,Mongolia,98,,,,,,
MNE,Montenegro,99,,,,,,
MAR,Morocco,82,,,,,,
MOZ,Mozambique,67,,,,,,
MMR,Myanmar,96,,,,,,
NAM,Namibia,87,,,,,,
NRU,Nauru,-,,,,,,
NPL,Nepal,85,,,,,,
NLD,Netherlands,-,,,,,,
NZL,New Zealand,-,,,,,,
NIC,Nicaragua,87,,,,,,
NER,Niger,24,,,,,,
NGA,Nigeria,66,,,,,,
NIU,Niue,-,,,,,,
NOR,Norway,-,,,,,,
OMN,Oman,98,,,,,,
PAK,Pakistan,71,,,,,,
PLW,Palau,100,,,,,,
PAN,Panama,98,,,,,,
PNG,Papua New Guinea,72,,,,,,
PRY,Paraguay,99,,,,,,
PER,Peru,99,,,,,,
PHL,Philippines,98,,,,,,
POL,Poland,100,,,,,,
PRT,Portugal,99,,,,,,
QAT,Qatar,97,,,,,,
KOR,Republic of Korea,-,,,,,,
MDA,Republic of Moldova,100,,,,,,
ROU,Romania,99,,,,,,
RUS,Russian Federation,100,,,,,,
RWA,Rwanda,77,,,,,,
KNA,Saint Kitts and Nevis,-,,,,,,
LCA,Saint Lucia,-,,,,,,
VCT,Saint Vincent and the Grenadines,-,,,,,,
WSM,Samoa,99,,,,,,
SMR,San Marino,-,,,,,,
STP,Sao Tome and Principe,80,,,,,,
SAU,Saudi Arabia,99,,,,,,
SEN,Senegal,66,,,,,,
SRB,Serbia,99,,,,,,
SYC,Seychelles,99,,,,,,
SLE,Sierra Leone,64,,,,,,
SGP,Singapore,100,,,,,,
SVK,Slovakia,-,,,,,,
SVN,Slovenia,100,,,,,,
SLB,Solomon Islands,-,,,,,,
SOM,Somalia,-,,,,,,
ZAF,South Africa,99,,,,,,
SSD,South Sudan,37,,,,,,
ESP,Spain,100,,,,,,
LKA,Sri Lanka,98,,,,,,
PSE,State of Palestine,99,,,,,,
SDN,Sudan,88,,,,,,
SUR,Suriname,98,,,,,,
SWZ,Swaziland,94,,,,,,
SWE,Sweden,-,,,,,,
CHE,Switzerland,-,,,,,,
SYR,Syrian Arab Republic,96,,,,,,
TJK,Tajikistan,100,,,,,,
THA,Thailand,97,,,,,,
MKD,The former Yugoslav Republic of Macedonia,99,,,,,,
TLS,Timor-Leste,80,,,,,,
TGO,Togo,80,,,,,,
TON,Tonga,99,,,,,,
TTO,Trinidad and Tobago,100,,,,,,
TUN,Tunisia,97,,,,,,
TUR,Turkey,98,,,,,,
TKM,Turkmenistan,100,,,,,,
TUV,Tuvalu,-,,,,,,
UGA,Uganda,87,,,,,,
UKR,Ukraine,100,,,,,,
ARE,United Arab Emirates,95,,,,,,
GBR,United Kingdom,-,,,,,,
TZA,United Republic of Tanzania,75,,,,,,
USA,United States,-,,,,,,
URY,Uruguay,99,,,,,,
UZB,Uzbekistan,100,,,,,,
VUT,Vanuatu,95,,,,,,
VEN,Venezuela (Bolivarian Republic of),98,,,,,,
VNM,Viet Nam,97,,,,,,
YEM,Yemen,88,,,,,,
ZMB,Zambia,64,,,,,,
ZWE,Zimbabwe,91,,,,,,
